Date,Open,High,Low,Close,Volume,ret_1d,vol_5d,vol_20d,vol_rel,regime,regime_label
2023-12-26,466.664,469.134,466.584,468.219,56266025,0.004223056300268091,0.009056861181541741,0.005890410422744881,0.698775871048649,1,Calm
2023-12-27,468.012,469.213,467.47,469.064,69079577,0.001804711043336571,0.008722273947757781,0.0058822694024834215,0.8548713045400705,1,Calm
2023-12-28,469.429,470.088,468.819,469.243,78382731,0.0003816110381524851,0.0035745709790240008,0.005855717568098658,0.9616839089911016,1,Calm
2023-12-29,469.045,469.578,465.906,467.884,124223965,-0.0028961540182804724,0.002624805952859235,0.00597141324823804,1.4850522226297425,0,Trending Down
2024-01-02,464.783,466.27,463.14,465.266,124960111,-0.005595403989022918,0.003875112028992925,0.006151696038822225,1.4641031271615705,0,Trending Down
2024-01-03,463.08,463.829,460.856,461.466,105229929,-0.008167370923299777,0.004120483613282377,0.006355778718885139,1.2106970802538335,0,Trending Down
2024-01-04,460.984,463.601,459.752,459.98,85569059,-0.003220172233707297,0.003197143789853383,0.006434487794335284,0.9764163670943256,1,Calm
2024-01-05,460.186,463.09,459.142,460.61,87485749,0.0013696247662942085,0.0035400367090674453,0.006307619911748575,0.9887094394579233,1,Calm
2024-01-08,461.111,467.334,460.984,467.185,76067517,0.014274548967673217,0.008855283171574097,0.00679523603955383,0.8559276609204096,1,Calm
2024-01-09,464.497,467.509,463.986,466.476,66977869,-0.0015176000941811152,0.008418977516497905,0.006815269634297235,0.7613072257829049,1,Calm
2024-01-10,466.752,469.989,466.466,469.114,68378960,0.005655167682796058,0.006989904271071412,0.006856598551012678,0.7763162905582109,1,Calm
2024-01-11,470.128,470.651,464.881,468.908,79177759,-0.00043912567094561705,0.0064282215095398144,0.006840787621279269,0.8941029560304941,1,Calm
2024-01-12,470.373,471.123,467.805,469.233,58947386,0.000693099712523626,0.006500680939750355,0.006202191173897638,0.679541941422705,1,Calm
2024-01-16,467.834,469.164,465.669,467.509,86364183,-0.0036740808937137936,0.0034768222044223884,0.006256515185820411,1.0161244850711195,1,Calm
2024-01-17,464.448,465.403,462.53,464.911,69936526,-0.0055571122694964,0.004325138787478685,0.006387821380633526,0.8602224493972286,1,Calm
2024-01-18,466.604,469.607,465.039,469.045,93314144,0.008892024495010808,0.005570463036200743,0.006569417794930424,1.132568558190309,1,Calm
2024-01-19,470.188,475.178,469.091,474.892,112593592,0.012465754884925628,0.007849443123668687,0.006996324681287192,1.3216925178141894,1,Calm
2024-01-22,476.448,477.639,475.237,475.897,77048703,0.002116270646799645,0.007790223340569064,0.006085861183192634,0.9192857755657886,1,Calm
2024-01-23,476.448,477.525,475.345,477.285,50738003,0.002916597499038831,0.0069195835390161355,0.005809943833437951,0.6191456889104402,1,Calm
2024-01-24,480.188,481.133,477.307,477.806,83062772,0.0010915909781366029,0.004939260347440663,0.005807573780525385,1.0045052965629748,1,Calm
2024-01-25,479.958,480.677,477.806,480.404,73676069,0.0054373532354135,0.004573613746457915,0.005846608128870512,0.8817068594740451,1,Calm
2024-01-26,479.973,481.478,478.939,479.794,77858026,-0.0012697646147825647,0.0024580773133498195,0.005873041336990902,0.9268850946849718,1,Calm
2024-01-29,480.109,483.737,479.558,483.595,62296035,0.007922149922675148,0.0035988551215822956,0.006060314450360061,0.7487925596043624,1,Calm
2024-01-30,482.896,483.94,482.453,483.221,59548747,-0.0007733744145411725,0.004029137024307964,0.005997069364416456,0.7447172025081484,1,Calm
2024-01-31,480.987,481.439,475.316,475.335,128011046,-0.016319654981882037,0.009432129062697277,0.007062081065453023,1.5978590546223634,0,Trending Down
2024-02-01,477.058,481.588,476.242,481.558,93350095,0.013091819453648457,0.011194775553027364,0.007193308122470709,1.173918052328699,1,Calm
2024-02-02,481.999,488.301,481.655,486.627,100803092,0.010526250212850918,0.011938835007732561,0.007308219359685274,1.255615530055978,1,Calm
2024-02-05,485.981,486.654,482.571,484.855,76959480,-0.0036413926888561043,0.011839801338104514,0.007446062713268409,0.9649426034193438,1,Calm
2024-02-06,485.809,486.597,484.362,486.262,56806114,0.0029018985057387425,0.011849110587942914,0.006923027301847241,0.7209590307590723,1,Calm
2024-02-07,488.536,490.742,487.621,490.317,71676343,0.008339125821059445,0.006680390713037126,0.007007817570930351,0.906981438689512,1,Calm
2024-02-08,490.317,490.918,489.491,490.534,53174407,0.00044257082662846337,0.005771960252481872,0.006981913743917689,0.6793964420267631,1,Calm
2024-02-09,491.047,493.812,490.702,493.369,64994823,0.005779415901854046,0.004653274797422047,0.006993931192594085,0.8380159409336236,1,Calm
2024-02-12,493.34,495.633,492.424,493.153,57399058,-0.0004378061856339377,0.0036667323868038743,0.007014437714162395,0.7408188047637428,1,Calm
2024-02-13,486.804,489.323,483.048,486.361,114894252,-0.01377260201195174,0.008558477935502707,0.007802414549254175,1.4560705056550365,0,Trending Down
2024-02-14,489.028,491.273,486.675,490.781,69473244,0.009087899728802196,0.008743882268921447,0.007742089452242751,0.8807024249361346,1,Calm
2024-02-15,491.489,494.354,491.002,494.167,62661961,0.006899207589535772,0.009247268523727691,0.007671242599178569,0.8100958431165517,1,Calm
2024-02-16,493.862,495.012,490.958,491.706,76731748,-0.004980097821181806,0.009257621845563588,0.0074847902453621246,1.0155316972349986,1,Calm
2024-02-20,489.943,490.623,486.725,488.998,72875309,-0.005507356021687837,0.009504177531283135,0.007658229854957439,0.96716340286932,1,Calm
2024-02-21,487.68,489.601,485.849,489.442,60549772,0.0009079791737389709,0.0066695990593314235,0.007650277021644823,0.798387084295693,1,Calm
2024-02-22,496.136,500.546,495.161,499.571,77615157,0.0206949955255169,0.010804311498271362,0.008794299745050662,1.0270938118541482,1,Calm
2024-02-23,501.313,502.16,499.177,499.916,62295087,0.0006905925283893222,0.010686903972019927,0.008768233282305643,0.8306156703020164,1,Calm
2024-02-26,500.358,500.802,497.955,498.085,51186451,-0.00366261531937373,0.010474781042459037,0.008831710740346048,0.6948533745541676,1,Calm
2024-02-27,498.785,499.236,496.865,499.01,49629922,0.0018571127418012257,0.009519659186569331,0.00871778015544422,0.6795658648745385,1,Calm
2024-02-28,497.435,498.936,497.07,498.35,57403479,-0.0013226187851945737,0.00975584028941436,0.008726531371630996,0.7871626948305003,1,Calm
2024-02-29,500.132,501.776,497.455,500.142,85256807,0.0035958663589845674,0.0028174351328905008,0.007646050418696941,1.204416230247621,1,Calm
2024-03-01,501.028,505.27,500.614,504.838,78064486,0.009389333429306035,0.005006754868809678,0.007419470367144594,1.114847808969241,1,Calm
2024-03-04,504.031,506.167,504.001,504.296,50589645,-0.0010736117328727923,0.004372061183470136,0.0072000667763816705,0.7493443681422738,1,Calm
2024-03-05,502.269,502.721,497.021,499.256,74011950,-0.009994130431334014,0.007137991246701324,0.00758312715279449,1.0986788171216426,0,Trending Down
2024-03-06,502.574,504.068,500.477,501.785,69467697,0.005065537519829633,0.007382959238656569,0.007619648659027188,1.0216201385720198,1,Calm
2024-03-07,505.123,507.83,501.84,506.767,59582981,0.009928555058441368,0.00833620501409586,0.007701485698207342,0.8841134684434276,1,Calm
2024-03-08,507.406,510.124,503.144,503.725,87905936,-0.006002758664238161,0.008069107424021421,0.007888544679207599,1.2716127115261844,0,Trending Down
2024-03-11,502.505,503.883,500.556,503.291,63550059,-0.0008615812199117556,0.008065338987017346,0.007832169589150291,0.9202518049008238,1,Calm
2024-03-12,505.428,509.296,502.879,508.705,74274874,0.010757196135039226,0.007165633453602222,0.008116980369736801,1.062571788585892,1,Calm
2024-03-13,509.03,509.209,506.452,507.91,55978672,-0.0015627917948515258,0.007474230323747337,0.007321290139774287,0.8360608330590824,1,Calm
2024-03-14,508.894,509.045,503.824,506.905,111920411,-0.0019786970132504855,0.006301300871955436,0.007189964237267617,1.6202123158840378,0,Trending Down
2024-03-15,503.799,505.27,501.738,503.424,109016103,-0.006867164458823627,0.006517715416174529,0.007317996161337359,1.5269361052428427,0,Trending Down
2024-03-18,507.542,509.002,506.0,506.416,90024504,0.0059433002796847045,0.00701138603686418,0.007259218059650534,1.249299855683666,1,Calm
2024-03-19,505.714,509.512,504.697,509.231,61528377,0.005558671132033677,0.005465758909435412,0.007117357493925272,0.8606255903188104,1,Calm
2024-03-20,509.288,514.079,508.607,513.939,70480169,0.009245313030824764,0.006603822223472522,0.007288848259889337,0.9790389302527331,1,Calm
2024-03-21,516.814,517.525,515.353,515.639,61022875,0.0033077855543168777,0.006138241393663343,0.005906532584354111,0.8575503510340009,1,Calm
2024-03-22,515.55,516.037,514.424,514.661,80077023,-0.0018966757751063268,0.004124239123112168,0.005955642514714876,1.1114303345851475,1,Calm
2024-03-25,513.268,514.405,513.081,513.24,49129427,-0.0027610407627544076,0.0050580257701125795,0.0059180315679324,0.682867486197314,1,Calm
2024-03-26,514.681,515.027,511.886,512.291,66296774,-0.0018490374873352255,0.0050927710169122635,0.0059646414898731435,0.9109313341179663,1,Calm
2024-03-27,515.154,516.635,512.957,516.596,84055954,0.008403426958505822,0.004763964132144612,0.0061310612777896985,1.1341787186467236,1,Calm
2024-03-28,516.635,518.018,516.212,516.498,97520245,-0.00018970336587964542,0.00460191502833819,0.006131699940832976,1.3050567405114013,1,Calm
2024-04-01,517.247,517.791,514.424,515.599,63272571,-0.0017405682112999754,0.004583427324501055,0.005890556683752752,0.8552044857319576,1,Calm
2024-04-02,511.728,512.459,509.99,512.321,75174893,-0.006357653913215522,0.005406496628963213,0.006106382946790029,0.9994724194063199,1,Calm
2024-04-03,511.215,514.405,511.161,512.884,59908520,0.001098920403418857,0.005362265727960093,0.00555228495469258,0.8040397236707167,1,Calm
2024-04-04,516.941,517.285,506.312,506.623,98090599,-0.012207438719086583,0.00544219872878583,0.006245954365260844,1.2916762010713083,0,Trending Down
2024-04-05,507.996,513.901,507.552,511.915,75495092,0.010445637091091475,0.008477005293318653,0.006287972237777853,0.9838268946653579,1,Calm
2024-04-08,512.627,513.643,511.383,512.202,49017667,0.0005606399499915593,0.008540031493477774,0.00609779417880042,0.6553887729457163,1,Calm
2024-04-09,513.959,514.207,507.888,512.795,68991272,0.001157746357882239,0.008074224358392472,0.006084623826429128,0.9191017639526385,1,Calm
2024-04-10,507.028,509.674,505.655,507.66,83704568,-0.010013748183972049,0.009217285842971164,0.006095823979169033,1.1081518672164739,0,Trending Down
2024-04-11,509.201,512.952,505.645,511.492,70991021,0.007548359138005667,0.007893133166353924,0.006316056333486082,0.9305916031085337,1,Calm
2024-04-12,507.908,509.333,502.683,504.431,93738940,-0.013804712488171944,0.00876252212303718,0.00705758902800046,1.2436041734984244,0,Trending Down
2024-04-15,508.656,508.826,497.253,498.112,93273444,-0.012526985851384898,0.009398165803907524,0.007441162068574966,1.250486971580294,0,Trending Down
2024-04-16,498.595,500.136,495.9,497.204,74419109,-0.001822883206989645,0.008952021044703527,0.007288075311781688,1.0082602185761447,1,Calm
2024-04-17,499.692,499.859,492.849,494.261,76876268,-0.0059190996049910405,0.008690703205351393,0.00720480056614116,1.0308332589430396,1,Calm
2024-04-18,495.672,497.796,492.295,493.244,75496714,-0.0020576173317335966,0.00567877072499899,0.00674927638293733,1.0089414168523227,1,Calm
2024-04-19,493.165,494.167,487.654,488.939,103397766,-0.008727931814680012,0.004550219374022058,0.006784656242051467,1.3437636450311938,0,Trending Down
2024-04-22,491.575,496.067,489.205,493.441,68825857,0.00920769257514742,0.00682237032669374,0.007284065272306908,0.9010526501444628,1,Calm
2024-04-23,495.475,499.731,493.256,499.296,65456087,0.011865653644508756,0.009181565204737787,0.007918501322931908,0.8478749289458315,1,Calm
2024-04-24,500.195,500.994,496.808,499.06,56639764,-0.0004726655130423696,0.008469680823293092,0.007919884461646773,0.738291767866954,1,Calm
2024-04-25,492.908,497.933,491.239,497.164,70001954,-0.0037991423876888586,0.008708794461687121,0.007598325468416428,0.9209012194786739,1,Calm
2024-04-26,499.988,503.473,499.346,501.874,65124417,0.009473735025062213,0.006926505107264861,0.008008179406206569,0.8753890609098492,1,Calm
2024-04-29,503.681,504.333,500.877,503.651,47006088,0.003540729346409588,0.006572643350451873,0.00808324012172079,0.638830232087407,1,Calm
2024-04-30,502.17,503.157,495.672,495.672,78469549,-0.01584231938385905,0.009458374014107615,0.00866287534219574,1.0640482081940812,0,Trending Down
2024-05-01,495.08,501.804,493.585,494.063,81263934,-0.003246098226246441,0.009470249946765997,0.008645704494980406,1.086212848207947,1,Calm
2024-05-02,497.816,499.533,493.274,498.684,63346134,0.009353058213223964,0.010596389111831125,0.008628075148582477,0.8668435041828898,1,Calm
2024-05-03,504.737,506.11,502.17,504.866,73682543,0.012396627924697645,0.011264059301336844,0.008771205135239333,1.0095413740031691,1,Calm
2024-05-06,507.294,510.119,506.85,510.079,47866149,0.010325512116086344,0.011995386875366549,0.009107837172434184,0.6563428181650746,1,Calm
2024-05-07,511.057,512.054,509.96,510.642,53230145,0.0011037505954960558,0.0067143985599501695,0.009107431435065906,0.7378674719621919,1,Calm
2024-05-08,508.786,511.235,508.666,510.691,42582267,9.595763764047582e-05,0.005647031857587512,0.00880801121865573,0.6075854604321225,1,Calm
2024-05-09,510.879,513.671,510.212,513.633,44199036,0.005760822101819052,0.005442769165828277,0.008739763648623139,0.6429436218552548,1,Calm
2024-05-10,515.253,516.067,513.061,514.295,52897841,0.0012888579978309611,0.0042920424798397975,0.008090228562887256,0.7930383437410522,1,Calm
2024-05-13,515.995,516.102,513.21,514.365,37183579,0.00013610865359381386,0.0023468549750955804,0.0074457207796819755,0.5819184899699003,1,Calm
2024-05-14,514.562,517.247,514.019,516.724,58268014,0.004586237399512028,0.002633425777198081,0.007427050707651288,0.9235594010707628,1,Calm
2024-05-15,519.224,523.419,518.581,523.123,60262100,0.012383787089432552,0.004810349396762805,0.007532819710585155,0.9679104240366578,1,Calm
2024-05-16,523.221,524.844,521.898,522.047,50884195,-0.0020568776368081743,0.005632836579091106,0.007532794252360092,0.8337656804899445,1,Calm
2024-05-17,522.166,522.866,520.694,522.798,59940751,0.0014385677917887474,0.005620072090573974,0.007035671634938272,1.0184215919717252,1,Calm
2024-05-20,522.915,524.881,522.52,523.4,38244758,0.0011514963714474025,0.005494211585595733,0.006913844247569728,0.6671280133042338,1,Calm
2024-05-21,522.629,524.842,522.423,524.683,33862489,0.00245128009170803,0.005471665175204704,0.006589494788189128,0.6074230355053916,1,Calm
2024-05-22,523.983,524.703,520.97,523.172,49005733,-0.0028798341093574376,0.002341270797605125,0.0066682288869453505,0.8851218947871476,1,Calm
2024-05-23,526.263,526.372,518.127,519.351,57939213,-0.007303525418027035,0.004054351338063105,0.006881848356516241,1.0580002800890185,1,Calm
2024-05-24,521.219,523.607,520.26,522.788,41816507,0.006617875001684759,0.005309558301093662,0.006751547920824721,0.7801943563606369,1,Calm
2024-05-28,523.607,523.844,520.487,523.153,36731135,0.0006981797592906513,0.005288969921577473,0.006748768213686825,0.6919461777226529,1,Calm
2024-05-29,519.075,520.684,518.769,519.49,45765373,-0.007001775771141583,0.005819445127359779,0.005737729877079843,0.8895359178983836,1,Calm
2024-05-30,517.929,518.601,514.78,516.042,47059825,-0.00663727886966059,0.006196109756338097,0.005958147617077578,0.9461469423315775,1,Calm
2024-05-31,517.01,520.873,511.847,520.743,91941010,0.009109723627146682,0.007395876519578574,0.005942991436937431,1.7968412044753288,0,Trending Down
2024-06-03,522.373,522.659,516.033,521.169,47431689,0.0008180618846531651,0.006622052892030808,0.005438226576388665,0.9513815516349982,1,Calm
2024-06-04,519.846,522.502,518.364,521.751,35073364,0.001116720296103546,0.006645211660353179,0.005035927821818541,0.7126422053181815,1,Calm
2024-06-05,524.101,527.972,522.082,527.952,48216210,0.011884979616713753,0.007367536332236797,0.005579134534377704,0.9847025312456024,1,Calm
2024-06-06,528.258,528.692,525.987,527.942,31200570,-1.8941115858983615e-05,0.00550404045181137,0.005580913590574166,0.6446908971903429,1,Calm
2024-06-07,526.955,530.144,525.843,527.3,43774560,-0.0012160426713541117,0.005314433671321101,0.005530045728579599,0.904901478980055,1,Calm
2024-06-10,526.48,529.255,525.877,528.929,36183909,0.003089322966053576,0.005229303494344833,0.00554400569549259,0.7611375780835848,1,Calm
2024-06-11,527.36,530.262,525.365,530.203,36846392,0.0024086408572794316,0.005146018023971509,0.005539627836859571,0.7753480436548373,1,Calm
2024-06-12,534.825,537.283,533.512,534.557,64056182,0.008211949008210206,0.003644719512308056,0.005701790585607405,1.3397568036462633,1,Calm
2024-06-13,536.325,536.498,532.811,535.634,45330535,0.002014752402456521,0.003399247525926986,0.005122468343805402,0.9631429535440396,1,Calm
2024-06-14,534.084,535.989,533.067,535.96,40600041,0.0006086245458654105,0.0029092934604389464,0.005067795982271301,0.8721623654143393,1,Calm
2024-06-17,535.268,541.637,534.803,540.226,56550017,0.007959549220091011,0.0035743500710231683,0.005280579193341246,1.2192371257804484,1,Calm
2024-06-18,540.285,541.727,539.86,541.598,41902934,0.00253967783853426,0.003558002052899911,0.005282746778740079,0.8998923649466308,1,Calm
2024-06-20,542.536,543.208,538.33,540.127,71223157,-0.002716036617565032,0.0038714197761813215,0.005370909079580043,1.4705678600253569,0,Trending Down
2024-06-21,539.294,540.532,537.926,539.403,65124701,-0.0013404254925228898,0.00416545279042471,0.0053161137898640205,1.3226413877233805,1,Calm
2024-06-24,539.224,541.82,537.53,537.649,45959737,-0.0032517431308317635,0.004677480413113715,0.005030823013688953,0.9449077122928863,1,Calm
2024-06-25,538.887,540.086,537.352,539.719,38635732,0.00385009550840798,0.003195775505120052,0.0049267088998134175,0.7969358532103035,1,Calm
2024-06-26,538.59,541.117,537.936,540.393,38915649,0.0012487979856183884,0.0029645382841020384,0.004922903536668467,0.8009052459516713,1,Calm
2024-06-27,540.255,541.83,539.502,541.245,35373266,0.0015766303412516613,0.002755494291765561,0.004485139070928687,0.7358702960812918,1,Calm
2024-06-28,542.028,545.119,537.857,539.115,76865501,-0.003935371227447804,0.003349519748404009,0.004243474010015967,1.5509503867027907,0,Trending Down
2024-07-01,540.512,540.76,537.431,540.225,40679365,0.002058929912912788,0.0029149869442946954,0.0039195553253966835,0.8655704204334893,1,Calm
2024-07-02,538.6,543.86,538.55,543.86,40817644,0.00672867786570408,0.0037834308818343694,0.004058386205949191,0.8746674242469487,1,Calm
2024-07-03,543.544,546.654,543.504,546.287,33100378,0.004462545508035154,0.003989891844818805,0.004082830391633627,0.710799327879267,1,Calm
2024-07-05,546.594,549.843,545.95,549.438,41881217,0.005768030357669041,0.004262853663987491,0.003517668307877258,0.9055187925596803,1,Calm
2024-07-08,550.23,551.033,548.992,550.072,36452358,0.0011539063552212792,0.002379476923174101,0.0034918792901306814,0.7836913943378627,1,Calm
2024-07-09,551.042,551.954,550.31,550.607,27572745,0.0009725999505518779,0.002640255467741317,0.0034172718017605468,0.6032951734430041,1,Calm
2024-07-10,551.845,556.402,551.548,556.055,39067658,0.009894534577293834,0.0036856770773202045,0.0038277290893297886,0.8521170416296746,1,Calm
2024-07-11,556.174,557.056,550.617,551.26,53556521,-0.008623247700317305,0.00691027090487228,0.004566746741516849,1.1472316432935845,0,Trending Down
2024-07-12,552.4,558.383,551.924,554.738,53587028,0.00630918259986224,0.006991072436548741,0.004447900172403083,1.1609022855319773,1,Calm
2024-07-15,556.759,559.539,554.381,556.263,40968560,0.0027490454953509325,0.006982543267582498,0.00445223860954407,0.8917508642737092,1,Calm
2024-07-16,557.585,559.858,556.828,559.561,36820621,0.0059288502021526135,0.007104745398452298,0.004529246696042866,0.8047741281205403,1,Calm
2024-07-17,553.559,555.252,551.389,551.716,57659780,-0.014019919186648133,0.009242695728740228,0.005591641452871937,1.2587210425054733,0,Trending Down
2024-07-18,553.272,554.272,545.267,547.476,56803182,-0.007685113355421991,0.009070656265845935,0.005908428912177389,1.2201767696512638,0,Trending Down
2024-07-19,547.238,548.883,542.771,543.841,66129346,-0.006639560455618088,0.008140263872339976,0.006085293697909675,1.4283243597386612,0,Trending Down
2024-07-22,547.813,550.062,545.851,549.448,43757143,0.010309998694471245,0.010146925569859947,0.006460006869766049,0.9674326119154417,1,Calm
2024-07-23,549.339,551.513,548.086,548.586,34765648,-0.0015688472794512798,0.009104960664644036,0.0064132860162017845,0.7782691844742318,1,Calm
2024-07-24,543.712,544.019,535.222,536.153,75220805,-0.022663720911579976,0.011895009246086878,0.008270445666611401,1.6176614350958225,0,Trending Down
2024-07-25,536.272,542.32,532.409,533.36,61737358,-0.005209333902822522,0.011840490417769982,0.008332685573392373,1.2958923856330542,0,Trending Down
2024-07-26,537.193,542.058,536.412,539.334,54272844,0.011200689965501498,0.013805917087718724,0.00873451321500485,1.1170519090778261,1,Calm
2024-07-29,540.898,541.919,537.629,539.651,39889975,0.0005877619434340176,0.01231579013070703,0.008689522526091098,0.8534986731970746,1,Calm
2024-07-30,541.137,542.206,533.465,536.916,47297260,-0.005068090302806638,0.012275795069966474,0.008750269621464933,1.0048728843373353,1,Calm
2024-07-31,543.832,548.308,542.444,545.643,66285114,0.01625393916366802,0.00974288647697919,0.009387312640035103,1.3711907927347569,1,Calm
2024-08-01,547.388,549.665,534.37,537.917,77152389,-0.014159441246382687,0.012253840461109706,0.00985475404857425,1.5264438081022893,0,Trending Down
2024-08-02,530.725,531.953,523.642,527.901,83572949,-0.018619972969807774,0.01368544807602287,0.010496911690790967,1.587980007974468,0,Trending Down
2024-08-05,506.841,518.668,505.484,512.527,147652307,-0.029122884783320924,0.017108331322992245,0.012088985455766345,2.5374842849106325,0,Trending Down
2024-08-06,514.35,524.782,513.013,517.252,85629480,0.009219026509822648,0.01922951709428821,0.012385083520336045,1.4016641034429218,0,Trending Down
2024-08-07,523.513,526.604,513.193,513.795,71367739,-0.006683396100933381,0.014318812391655892,0.01202286337965163,1.1381270496200337,0,Trending Down
2024-08-08,518.995,526.307,516.945,525.673,63875716,0.023118169698031377,0.020984330590807617,0.01338137174483514,1.0103358180688446,1,Calm
2024-08-09,524.841,529.497,523.602,527.991,46051501,0.004409585426681684,0.019567306641585177,0.013323754167454922,0.7327734104867295,1,Calm
2024-08-12,529.2,530.705,525.97,528.268,42944873,0.0005246301546808496,0.011143409970727464,0.013287893942979745,0.6822678459621957,1,Calm
2024-08-13,531.498,537.193,531.25,536.956,52828582,0.016446197763256398,0.012075978037451996,0.013835610732648424,0.8287525452773117,1,Calm
2024-08-14,537.758,539.848,535.054,538.65,42848833,0.0031548208791780663,0.009752312356587953,0.013578857352663332,0.6800953826659062,1,Calm
2024-08-15,544.346,548.169,543.732,547.882,61422933,0.017139144156687935,0.007850947328603183,0.014071804326334637,0.9713417767847979,1,Calm
2024-08-16,546.247,549.814,546.09,549.111,44851415,0.0022431837512457697,0.008174833997508485,0.01398677155950997,0.7214173738768023,1,Calm
2024-08-19,549.526,554.361,548.665,554.361,39492213,0.009560908450203964,0.007058939068558533,0.013960310182212042,0.6374030004749975,1,Calm
2024-08-20,553.906,555.579,552.098,553.46,34051654,-0.0016252947086825564,0.007366643275658871,0.013960764267817942,0.5499094130826574,1,Calm
2024-08-21,554.519,556.838,549.526,555.362,41907676,0.003436562714559166,0.007339563076312855,0.012854074829742684,0.6954864329886709,1,Calm
2024-08-22,557.283,557.897,549.775,551.003,56652835,-0.007848934568803645,0.006439134857506927,0.01294350713708923,0.9441759230275241,1,Calm
2024-08-23,554.281,557.808,552.063,556.858,51118866,0.01062607644604463,0.007751470009252485,0.01292194778868184,0.8541918124750714,1,Calm
2024-08-26,557.897,558.621,553.807,555.53,36127469,-0.0023848090536545685,0.0069585731939634365,0.012952226912461473,0.6055905789935677,1,Calm
2024-08-27,554.242,556.789,553.083,556.293,33003456,0.0013734631793063112,0.006864583852571421,0.012859250152136945,0.5599320008347203,1,Calm
2024-08-28,555.946,556.382,549.833,553.063,41454853,-0.005806292727034146,0.007289391303570871,0.012500090842462107,0.7184501732357966,1,Calm
2024-08-29,555.055,558.393,551.954,553.113,39081746,9.040561382711587e-05,0.006147524467392294,0.012001716568676086,0.7004291933673652,1,Calm
2024-08-30,555.51,558.908,551.914,558.393,63293779,0.009545969810870414,0.00571907789570467,0.011142974886141412,1.1553565670094008,1,Calm
2024-09-03,555.213,555.55,544.356,546.901,61173898,-0.02058048721957484,0.011213825599748288,0.009952174637804194,1.2123491800914148,0,Trending Down
2024-09-04,545.039,549.229,544.306,545.783,47672083,-0.0020442456678629872,0.010976501804212632,0.009918103023928258,0.9816926945609518,1,Calm
2024-09-05,545.723,548.604,541.968,544.455,44683369,-0.0024332014738457364,0.010922736387418292,0.009749789048592325,0.9461425760907916,1,Calm
2024-09-06,544.782,546.427,534.38,535.291,69142331,-0.016831510409492045,0.012235819054690112,0.009488628275317702,1.4559278425720859,0,Trending Down
2024-09-09,539.541,542.573,537.59,541.285,40828778,0.01119764763465092,0.012786180399982838,0.009737046790500097,0.8644838346328988,1,Calm
2024-09-10,543.217,543.999,538.283,543.642,36739177,0.004354452829840261,0.010381707996778376,0.009758853644627592,0.7830374842110457,1,Calm
2024-09-11,543.553,550.151,534.895,549.219,75961091,0.010258589292218012,0.011513442937246744,0.009348909850323788,1.5800400007922968,0,Trending Down
2024-09-12,549.804,554.153,547.555,553.846,52384075,0.008424690333000084,0.011654220696448395,0.009481085591467077,1.0789231249188573,1,Calm
2024-09-13,554.461,557.75,554.203,556.739,39682708,0.005223473673187096,0.003018570962749293,0.008791615437131275,0.8360384043765511,1,Calm
2024-09-16,556.471,557.828,554.648,557.56,37003196,0.0014746586820753027,0.003456525898941859,0.00878683340992039,0.7860850716396184,1,Calm
2024-09-17,559.799,561.266,555.535,557.789,49787960,0.0004107181289907391,0.004266006656732881,0.008541487615649636,1.0462391949154768,1,Calm
2024-09-18,558.453,563.356,555.569,556.135,59603997,-0.002965278985422759,0.004410329647493088,0.00856296865001896,1.219764516859941,1,Calm
2024-09-19,565.654,567.507,562.752,565.624,76028586,0.017062403912719182,0.007739635213233505,0.009334916281084234,1.5033965375951885,1,Calm
2024-09-20,564.239,565.7,561.586,564.646,77997763,-0.001729063830389177,0.008133562836213545,0.009129090647252185,1.5104587633894548,0,Trending Down
2024-09-23,565.73,566.716,564.497,566.058,44398492,0.0025006818431372313,0.008103053150229396,0.008867549958302611,0.8654265118208943,1,Calm
2024-09-24,566.862,567.737,564.0,567.677,47104402,0.0028601309406457442,0.007976204193325233,0.00884415344367062,0.9084519348574703,1,Calm
2024-09-25,567.518,568.263,565.302,566.425,38673852,-0.0022054795244480507,0.007826988233579562,0.008874895114139547,0.7418048396795824,1,Calm
2024-09-26,570.738,571.066,566.286,568.671,48644502,0.003965220461667585,0.002837115656880469,0.00875204877720786,0.9266627417000413,1,Calm
2024-09-27,569.754,570.578,566.802,567.846,42369631,-0.0014507509614523073,0.0027702083679001666,0.00877121829186937,0.8046086264196104,1,Calm
2024-09-30,566.802,570.738,564.477,570.121,64061720,0.004006367923697685,0.0030259542508646754,0.008584320283148926,1.2156597544187864,1,Calm
2024-10-01,569.764,570.422,562.411,565.014,73132576,-0.008957747565867535,0.005354289416566796,0.007345113573474771,1.372221712569589,0,Trending Down
2024-10-02,564.11,566.286,561.685,565.252,38340952,0.0004212285005327221,0.005326460269479385,0.007300294356015539,0.7257632254300574,1,Calm
2024-10-03,563.762,566.189,561.904,564.219,41107163,-0.0018275034851710226,0.004736028574074805,0.007283135171606022,0.7807680558910332,1,Calm
2024-10-04,568.721,569.724,564.497,569.346,43279660,0.009086897109101155,0.006724793193804793,0.005981174657067224,0.8427297062620628,1,Calm
2024-10-07,567.677,568.333,563.037,564.199,50283583,-0.009040196997959105,0.007529373749879848,0.006246151848467905,0.970177628042779,1,Calm
2024-10-08,566.802,570.141,565.918,569.535,37637385,0.009457655898007733,0.007812578561212726,0.006444454219267502,0.725551634762034,1,Calm
2024-10-09,569.525,574.047,568.919,573.479,38154213,0.006924947544927118,0.008099325131704872,0.006269851616834634,0.7633312617830128,1,Calm
2024-10-10,572.118,573.917,570.846,572.476,44419765,-0.0017489742431719968,0.0080878846367015,0.006148252026465866,0.8958197592074166,1,Calm
2024-10-11,572.397,576.65,572.258,575.904,42537763,0.0059880239520957446,0.007602904572797055,0.006173810050896464,0.8554025241941404,1,Calm
2024-10-14,577.534,581.558,577.047,580.614,36448366,0.008178446407734796,0.004396456927315331,0.006340007899123281,0.7333584275223645,1,Calm
2024-10-15,580.883,581.19,574.876,576.103,54549583,-0.007769361400173036,0.006843481494439576,0.006704492961213084,1.0923309079403565,1,Calm
2024-10-16,576.103,579.133,575.288,578.607,30921537,0.004346444993343246,0.006497622550089115,0.006639310534283542,0.6374973328031263,1,Calm
2024-10-17,582.194,582.403,578.468,578.657,34613227,8.641444019863442e-05,0.006295788304844262,0.005619621616444648,0.745431603020573,1,Calm
2024-10-18,580.366,581.678,578.885,580.883,37655608,0.0038468384552508006,0.006038381202837446,0.005607326603054901,0.8477804260059938,1,Calm
2024-10-21,580.147,581.141,576.918,579.929,36671577,-0.0016423272844963144,0.004911750005851775,0.005642244022973983,0.8328703790265412,1,Calm
2024-10-22,577.365,580.793,576.7,579.621,34402008,-0.0005310994966625238,0.002702739991804671,0.005641516944422183,0.7927600610874003,1,Calm
2024-10-23,577.574,578.02,570.772,574.325,49629317,-0.009137005042950341,0.004753557786196439,0.00605055797495441,1.129401937056342,1,Calm
2024-10-24,576.302,576.382,572.913,575.566,35203114,0.002160797457885222,0.005007680341230086,0.006012802023325454,0.8135509909244536,1,Calm
2024-10-25,577.822,580.753,574.414,575.368,47569858,-0.0003440092013773377,0.004278600854442964,0.005997815986801133,1.0927824769727768,1,Calm
2024-10-28,578.885,579.015,576.838,577.146,30367290,0.003090196187483407,0.004836578733439614,0.00597448902164487,0.7256876424863367,1,Calm
2024-10-29,576.172,579.21,574.761,578.081,43173462,0.001620040682946966,0.004977039642163765,0.005532999520223276,1.0700201109358303,1,Calm
2024-10-30,577.604,579.621,575.616,576.332,41700297,-0.0030255275644762714,0.002432229033396941,0.005610306417062497,1.0292242872257926,1,Calm
2024-10-31,571.91,571.98,564.835,565.034,60566557,-0.019603284218124295,0.009206388544120593,0.007248376838177971,1.4598147130235082,0,Trending Down
2024-11-01,567.697,571.9,567.001,567.419,45958999,0.004220984931880167,0.00982227485123785,0.007008445688845662,1.104168495150218,1,Calm
2024-11-04,567.557,568.869,564.289,566.196,38460889,-0.002155373718539466,0.009310757076634764,0.006711378382675149,0.9373379509523908,1,Calm
2024-11-05,567.12,573.083,566.902,573.043,39730287,0.012092985467929696,0.01170252438148171,0.006925204123682853,0.9658115664657997,1,Calm
2024-11-06,585.463,588.176,581.678,587.292,68617130,0.02486549874965749,0.016551818976795245,0.008746777745937934,1.608471652737439,1,Calm
2024-11-07,589.319,592.866,589.239,591.833,47534671,0.007732099194267761,0.010118704043041632,0.008833494654249626,1.1102190915236294,1,Calm
2024-11-08,592.389,595.837,592.384,594.396,46741321,0.004330613534561323,0.010104917808099061,0.008798866555628497,1.0863567904534315,1,Calm
2024-11-11,596.006,596.364,593.214,594.963,37826665,0.0009539095148689558,0.009280094117675988,0.008662609609178121,0.8777573916139422,1,Calm
2024-11-12,594.883,595.489,590.601,593.114,43280608,-0.0031077562806425263,0.01078829694429124,0.008467477134636409,1.017619689268691,1,Calm
2024-11-13,593.582,595.429,591.187,593.402,47691091,0.0004855727566708268,0.004115050839313659,0.008442903158213246,1.0996408165048175,1,Calm
2024-11-14,593.532,594.019,588.891,589.587,39152409,-0.006429031246945716,0.004124710184347432,0.008615997574121822,0.8980598716948898,1,Calm
2024-11-15,585.98,586.457,580.157,582.036,76473754,-0.012807270173867513,0.005673672326282225,0.009113847334479662,1.679355355608692,0,Trending Down
2024-11-18,582.502,585.751,581.628,584.42,37320765,0.004095966572514431,0.0064986166308807795,0.009145104639114226,0.8189761872544611,1,Calm
2024-11-19,581.002,587.297,580.326,586.556,49727411,0.0036549057184902534,0.0072720406852364765,0.009169929097150038,1.0731848817065806,1,Calm
2024-11-20,586.636,587.044,580.922,586.755,50351902,0.000339268543838811,0.007258815572082725,0.008878641339339636,1.0858156131756236,1,Calm
2024-11-21,589.637,591.346,583.725,589.905,47048662,0.005368509855050219,0.007466803016919672,0.008927488193452838,1.0017877383970764,1,Calm
2024-11-22,589.895,592.37,589.39,591.733,38470364,0.0030988040447190723,0.001860376590413566,0.008927943079436909,0.8271466364045523,1,Calm
2024-11-25,595.717,597.049,591.425,593.74,42712269,0.003391732419858462,0.0018121707819017065,0.008931128631808451,0.9063231495526703,1,Calm
2024-11-26,595.003,597.516,594.277,596.841,45912459,0.005222824805470427,0.0020384500239036553,0.008970854025289795,0.971405961614424,1,Calm
2024-11-27,596.652,597.039,593.492,595.033,34217164,-0.003029282505725983,0.003423694475501956,0.008970956763728426,0.7297362482092935,1,Calm
2024-11-29,595.857,599.524,595.579,598.728,30369953,0.006209739627886179,0.0035971025753286953,0.0074888520609364346,0.6692374186363075,1,Calm
2024-12-02,599.146,600.487,598.65,599.802,31948603,0.0017938028620676505,0.0036333766863348577,0.007486440693062234,0.7150630832343514,1,Calm
2024-12-03,599.563,600.329,598.521,600.08,27078356,0.0004634862838071019,0.003732234947550268,0.00741769427616647,0.6138784090847623,1,Calm
2024-12-04,601.789,604.054,601.113,603.806,43060646,0.006209172110385186,0.0039558072419717955,0.007147165955318334,0.9725327062658782,1,Calm
2024-12-05,603.806,604.621,602.46,602.812,28945753,-0.0016462241183426984,0.0035107416499260686,0.004920022697529509,0.6844061157355655,1,Calm
2024-12-06,603.588,605.207,603.17,603.956,31440944,0.001897772439831913,0.0028765092743322693,0.004687061316288735,0.7578221039004878,1,Calm
2024-12-09,603.836,604.005,600.249,600.845,34964478,-0.005151037492797439,0.004212617753442317,0.004812922857159179,0.8548832157080576,1,Calm
2024-12-10,601.531,601.958,598.312,598.977,37472159,-0.003108954888532023,0.004483768621904373,0.004880281519704707,0.9165933774623849,1,Calm
2024-12-11,601.938,604.577,601.66,603.608,28860754,0.007731515567375613,0.005056465586823334,0.005074362995772166,0.718626471872156,1,Calm
2024-12-12,602.733,603.31,600.497,600.497,31745136,-0.005154007236484626,0.005551478252495749,0.005251592910426468,0.806457177019657,1,Calm
2024-12-13,602.554,603.28,598.987,600.378,36133887,-0.00019816918319315313,0.005377308012559873,0.004990514305202349,0.9214826222322857,1,Calm
2024-12-16,602.157,603.925,601.371,602.942,43974057,0.004270642828351434,0.005286199265229351,0.003848686206990413,1.1699028211720082,1,Calm
2024-12-17,600.359,601.332,599.061,600.457,56129512,-0.0041214577853260215,0.005484649307714083,0.004022357683815668,1.4568414262038858,0,Trending Down
2024-12-18,600.149,602.559,582.174,582.562,108939612,-0.029802300581057373,0.013275267351142784,0.008004620477628883,2.6257574101233767,0,Trending Down
2024-12-19,587.61,589.239,582.134,582.383,86467821,-0.0003072634329049917,0.013616423914308756,0.008003162772333861,1.997195081663876,0,Trending Down
2024-12-20,580.026,593.964,579.168,589.378,126094748,0.012010996200095159,0.015837647367367487,0.008381545769175972,2.6688451078584543,0,Trending Down
2024-12-23,589.118,593.515,585.899,592.907,57809159,0.005987668355452724,0.016067640327168647,0.008462459597827508,1.1990150303936895,1,Calm
2024-12-24,594.273,599.537,593.685,599.497,33259821,0.011114727942155955,0.01726069551383044,0.008788867884804664,0.6966683996264187,1,Calm
2024-12-26,597.702,600.674,596.289,599.537,41463211,6.672260244844352e-05,0.005852861038091494,0.008718993579623142,0.8725645609733313,1,Calm
2024-12-27,595.748,595.984,588.993,593.226,65164695,-0.010526456248738714,0.00928536906421921,0.00902377608458447,1.3280983885326152,0,Trending Down
2024-12-30,586.127,589.966,582.658,586.456,56748909,-0.011412176809512675,0.009948469845858909,0.009231840174714578,1.126303099562064,0,Trending Down
2024-12-31,588.136,588.869,582.668,584.323,57224231,-0.003637101504631257,0.00917026600891746,0.009225391605423907,1.1079468710680214,1,Calm
2025-01-02,587.623,589.358,578.759,582.887,50354956,-0.002457544885277607,0.005096343945691013,0.009219696870520683,0.953462570325701,1,Calm
2025-01-03,585.768,590.823,584.672,590.175,38002403,0.012503281081925,0.009596978207603994,0.009593367456535992,0.7230315584669621,1,Calm
2025-01-06,594.482,597.902,591.82,593.575,47822830,0.005761003092303207,0.009204784880256622,0.009713279092192684,0.8938234226029762,1,Calm
2025-01-07,595.629,595.958,585.021,586.865,60574675,-0.011304384450153804,0.009170995090388474,0.00997073397717507,1.1021522247254427,0,Trending Down
2025-01-08,586.935,588.809,583.44,587.723,47446933,0.0014620057423768706,0.008921498899645105,0.0099489582943926,0.8536004453739969,1,Calm
2025-01-10,584.123,584.193,576.815,578.749,73324898,-0.015269097857323777,0.011653500586516674,0.010440448166466335,1.2779468142074017,0,Trending Down
2025-01-13,574.044,580.006,573.625,579.647,48054142,0.001551622551399623,0.009155719364299856,0.010237213588534192,0.823736594945318,1,Calm
2025-01-14,582.608,583.246,576.616,580.444,48566197,0.0013749747691265135,0.008199637685633232,0.010234538759478256,0.8206822220363812,1,Calm
2025-01-15,588.555,592.159,587.428,591.003,57071277,0.018191246700801633,0.011830183178707702,0.011156079610969573,0.9476389733410123,1,Calm
2025-01-16,592.393,592.568,589.158,589.866,43449939,-0.0019238481022939569,0.011926704496899376,0.011095849787981225,0.7217777871334928,1,Calm
2025-01-17,595.17,597.563,593.824,595.788,58245266,0.010039568308734648,0.00819746016370023,0.011337840261285998,0.9658561558148882,1,Calm
2025-01-21,598.869,601.252,596.875,601.242,42660764,0.009154262925738621,0.007901352278368207,0.009141426114862941,0.7485612683289,1,Calm
2025-01-22,604.103,605.998,603.545,604.622,48340915,0.005621696421740374,0.007301681558337475,0.009171756112973876,0.8775854396967799,1,Calm
2025-01-23,603.984,607.922,603.704,607.922,41275860,0.005457955549087012,0.004715586930576454,0.008905301136929377,0.8118288873718829,1,Calm
2025-01-24,607.982,608.949,604.981,606.147,34708761,-0.0029197824720934573,0.005120213664909207,0.008896409136726718,0.6985335925188741,1,Calm
2025-01-27,593.027,597.892,592.857,597.573,70572725,-0.014145083618330334,0.00937807583321773,0.009194204260708614,1.368917328303164,0,Trending Down
2025-01-28,598.819,603.555,595.459,602.707,44566948,0.008591418956345187,0.00925277375494976,0.009398668364653544,0.8618821350215564,1,Calm
2025-01-29,601.91,602.319,597.423,600.006,37289234,-0.004481447867703547,0.008958973622472437,0.009125207160817404,0.7411142793442289,1,Calm
2025-01-30,602.149,604.781,598.914,603.226,39399387,0.005366613000536757,0.008941315692890762,0.00872444981960379,0.7967904087301211,1,Calm
2025-01-31,605.679,608.131,599.248,600.016,66871975,-0.0053213886669342125,0.009098590336585041,0.008784032101923798,1.339314426355171,0,Trending Down
2025-02-03,590.893,598.49,588.72,595.978,66055304,-0.006729820538118991,0.006981731746034207,0.008932515362371688,1.3024800512926529,0,Trending Down
2025-02-04,596.038,600.494,595.489,599.976,33558434,0.006708301313135712,0.006393719268057586,0.008633820545311872,0.6646178976183689,1,Calm
2025-02-05,598.839,602.558,596.785,602.408,30745333,0.004053495473152369,0.0063347378805140644,0.008591135786400575,0.6193792177710389,1,Calm
2025-02-06,604.173,604.634,600.823,604.502,35879080,0.0034760494548544685,0.006044965619952347,0.008120272900393593,0.7412394642390366,1,Calm
2025-02-07,605.07,606.307,598.251,598.969,50941255,-0.009152988741145451,0.007107066176748762,0.008463429945044306,1.0486295705343767,1,Calm
2025-02-10,602.219,603.684,600.933,603.036,26127051,0.006790000818072128,0.006618041890570634,0.007630477379332186,0.5652882001872548,1,Calm
2025-02-11,600.743,604.043,600.624,603.495,30147131,0.0007611485881440228,0.006163336511622769,0.007635431912385165,0.6651524414792283,1,Calm
2025-02-12,597.403,602.737,596.715,601.551,45211635,-0.003221236298560859,0.0061756993202544104,0.007725318351388852,1.0012339756951922,1,Calm
2025-02-13,602.668,608.111,601.391,607.902,41044361,0.010557708323982506,0.007837809437347146,0.007031068695885586,0.9253694251409899,1,Calm
2025-02-14,608.111,609.158,607.244,607.872,26991377,-4.9350059713737515e-05,0.005578812655824058,0.006996358518417069,0.620040437805883,1,Calm
2025-02-18,609.048,609.657,606.556,609.657,26829473,0.002936473468098777,0.00516994456281628,0.006716217126807222,0.6393929795056834,1,Calm
2025-02-19,608.251,611.391,607.732,611.092,31104333,0.002353782536737681,0.005108059443422754,0.006458047519999256,0.7516205085096164,1,Calm
2025-02-20,609.706,609.85,605.2,608.55,36663932,-0.004159766450878122,0.005381493992388722,0.00644665199501095,0.8986438574072841,1,Calm
2025-02-21,608.331,608.47,597.673,598.141,76749940,-0.01710459288472599,0.008256605644182376,0.007407168207986525,1.8027893292719874,0,Trending Down
2025-02-24,600.215,601.222,594.702,595.399,50889797,-0.004584203390170516,0.008070316738102441,0.007441690521820316,1.1730642422181938,1,Calm
2025-02-25,595.36,596.097,587.792,592.458,58441699,-0.004939544742265323,0.007055545744870439,0.006837401481376101,1.3662460416091717,0,Trending Down
2025-02-26,594.143,597.782,590.081,592.757,43451861,0.0005046771247918524,0.006559768402748262,0.006508429367799055,1.0171403967416421,1,Calm
2025-02-27,595.06,596.227,582.897,583.296,74419799,-0.015961009317477348,0.007726022494344506,0.00730636532868605,1.6694978344796936,0,Trending Down
2025-02-28,583.804,592.937,580.694,592.398,89010991,0.015604427254772846,0.01147105178554444,0.008117908252423598,1.891567386277851,0,Trending Down
2025-03-03,594.392,595.549,578.161,582.02,74472492,-0.017518627679364296,0.013511663249334461,0.008890967103696005,1.5699319657848751,0,Trending Down
2025-03-04,577.972,583.635,570.534,575.13,109977963,-0.011838081165595704,0.013918697182301234,0.00912002651055618,2.2158280088380535,0,Trending Down
2025-03-05,574.961,583.126,571.361,581.312,71444743,0.010748874167579636,0.01572341347517815,0.009358637794203482,1.3865439213756963,1,Calm
2025-03-06,573.755,578.434,568.411,570.993,80335741,-0.01775122481558944,0.0160859718221842,0.009925954960058204,1.4875134447820428,0,Trending Down
2025-03-07,569.188,575.659,563.934,574.193,81402889,0.005604271856222365,0.013415692586460444,0.010005916158971603,1.4463159417475993,0,Trending Down
2025-03-10,565.888,567.832,553.924,558.899,99625334,-0.026635643416063948,0.015761485228106536,0.01129625156361407,1.6966997351612592,0,Trending Down
2025-03-11,557.723,562.329,550.365,554.253,88367063,-0.008312772075097619,0.015623686279097593,0.011082331475278033,1.4292141307372834,0,Trending Down
2025-03-12,560.484,561.422,552.03,557.194,69797443,0.00530624101267807,0.014177124924799821,0.011233909426822617,1.0938041929410711,1,Calm
2025-03-13,556.815,557.429,548.032,549.767,74302197,-0.013329289260113897,0.013569564131064112,0.011426403577537277,1.138448838137302,0,Trending Down
2025-03-14,554.443,562.139,549.838,561.123,62848762,0.020656023369900245,0.01810705215732766,0.012312246741074036,0.9471395388846148,1,Calm
2025-03-17,561.103,568.002,560.664,565.449,49156095,0.00770953961965537,0.013528614917230838,0.012560474795434625,0.7286202700710538,1,Calm
2025-03-18,563.107,563.326,557.384,559.338,66240031,-0.010807340715077718,0.014058352971240052,0.01256371762099094,0.9539840555047941,0,Trending Down
2025-03-19,561.142,569.238,559.946,565.43,66756142,0.010891446674461625,0.01460714981089959,0.012938388314857172,0.937352640747796,1,Calm
2025-03-20,561.641,568.859,560.914,563.794,63147532,-0.0028933731850095956,0.012240070305684097,0.012939612256957408,0.8704970455450702,1,Calm
2025-03-21,559.28,564.89,558.03,563.98,83762964,0.0003299077322569399,0.008629436769139513,0.012573427056894603,1.1491288628046843,1,Calm
2025-03-24,570.8,575.15,570.2,574.08,58766795,0.017908436469378453,0.011368855318427955,0.013390540141586938,0.8018782954226389,1,Calm
2025-03-25,575.3,576.41,573.69,575.46,38355735,0.0024038461538462563,0.008507962280267508,0.013398755531436393,0.5306392567968731,1,Calm
2025-03-26,575.19,576.33,567.19,568.59,52228898,-0.011938275466583215,0.010848282845065354,0.01359462804289751,0.7182094861318663,1,Calm
2025-03-27,567.18,570.9,564.94,567.08,42164248,-0.0026556921507588926,0.010826568413843368,0.013194689706665335,0.5929589875769452,1,Calm
2025-03-28,565.53,566.267,555.07,555.66,71662653,-0.020138252098469533,0.014491618055409047,0.013201457313313628,1.0202427546867143,0,Trending Down
2025-03-31,549.83,560.711,546.87,559.39,95328213,0.006712738005254959,0.010894166906662155,0.012918685073747044,1.3373097090748274,1,Calm
2025-04-01,557.45,562.94,553.68,560.97,54609641,0.0028245052646633795,0.010968199868171383,0.012739916426719537,0.7970446865778461,1,Calm
2025-04-02,555.05,567.42,554.81,564.52,76014544,0.006328324152806708,0.011136514102170963,0.012559347947661153,1.1057682916614577,1,Calm
2025-04-03,545.11,547.97,536.7,536.7,125985998,-0.049280804931623234,0.024257153844614722,0.01617858119242554,1.7737971479785297,0,Trending Down
2025-04-04,523.67,525.87,505.06,505.28,217965131,-0.05854294764300372,0.03262552397377773,0.020239112957880293,2.799655411839676,0,Trending Down
2025-04-07,489.19,523.17,481.8,504.38,256611355,-0.0017811906269790123,0.03118071189582882,0.0196716488524726,2.994173393379683,0,Trending Down
2025-04-08,521.86,524.98,489.16,496.48,165816581,-0.01566279392521508,0.028788457330568864,0.019806356790642736,1.8511263321765727,0,Trending Down
2025-04-09,493.44,548.62,493.05,548.62,241867317,0.10501933612632941,0.06529056520438689,0.03163431083516744,2.4635205365432262,3,High Volatile Up
2025-04-10,532.17,533.495,509.32,524.58,162331225,-0.04381903685611166,0.0643840285340345,0.03299982150117414,1.5824688400121063,3,High Volatile Up
2025-04-11,523.01,536.43,520.07,533.94,97866334,0.017842845705135613,0.0564737561503024,0.03290476043624957,0.9380291228284646,3,High Volatile Up
2025-04-14,544.05,544.28,533.86,539.12,68033993,0.009701464584035646,0.05598836322757408,0.03293862136747243,0.6462455250800763,3,High Volatile Up
2025-04-15,539.675,543.23,536.81,537.61,56892874,-0.002800860661819282,0.054525759359402834,0.03287297211484584,0.5428273812456172,3,High Volatile Up
2025-04-16,531.68,537.885,520.29,525.66,83484814,-0.022228009151615602,0.024966604421859648,0.03305080637647931,0.7902403205112458,2,High Volatile Up
2025-04-17,527.64,531.165,523.91,526.41,79868083,0.0014267777650953661,0.015110776345733413,0.03306657197024935,0.7500697838965249,2,High Volatile Up
2025-04-21,521.16,521.7,508.46,513.88,69368129,-0.02380273930966348,0.014835303726102448,0.03338065509376242,0.6558943751735069,2,High Volatile Up
2025-04-22,520.14,529.305,519.192,527.25,75948117,0.026017747334007968,0.02034684870227079,0.03370998998661122,0.7123239420587755,2,High Volatile Up
2025-04-23,540.43,545.43,533.88,535.42,90590658,0.015495495495495337,0.0222363077056258,0.03396130457486445,0.829342202941716,2,High Volatile Up
2025-04-24,536.715,547.43,535.45,546.69,64150418,0.021048896193642586,0.02003565515103482,0.03430690416712782,0.5840988498305418,2,High Volatile Up
2025-04-25,546.65,551.05,543.69,550.64,61119590,0.007225301359088165,0.01972274334229799,0.03435919998749638,0.5517414377409855,2,High Volatile Up
2025-04-28,551.39,553.55,545.02,550.85,47613755,0.0003813744006975206,0.010340545204591614,0.03406021336303507,0.43453777763648227,2,High Volatile Up
2025-04-29,548.91,555.45,548.55,554.32,47775121,0.006299355541435903,0.00815704729116154,0.034056117861920726,0.4456813862446937,2,High Volatile Up
2025-04-30,547.57,556.52,541.52,554.54,93101463,0.0003968826670512904,0.00844535015375162,0.03405016433794303,0.8532004066155442,2,High Volatile Up
2025-05-01,560.37,564.069,557.86,558.47,63186146,0.007086954953655411,0.003567543071486901,0.034058049773346845,0.582474307474508,2,High Volatile Up
2025-05-02,564.73,568.38,562.38,566.76,60717270,0.014844127706054033,0.005963577369130016,0.032138729023841905,0.577075781764674,2,High Volatile Up
2025-05-05,562.57,566.65,561.7,563.51,38659222,-0.005734349636530411,0.007721359876161724,0.028793700909689364,0.40165374022001576,2,High Volatile Up
2025-05-06,557.93,563.347,556.96,558.8,48264708,-0.008358325495554708,0.009485659487427545,0.02892268972430269,0.5623108312559832,2,High Volatile Up
2025-05-07,560.15,563.82,556.04,561.15,55733229,0.004205440229062329,0.009513047651454313,0.028494908559165574,0.6938153140239365,2,High Volatile Up
2025-05-08,565.24,570.31,561.7,565.06,65130787,0.006967833912500998,0.009498540857700766,0.01661186833188722,0.9110246198204379,1,Calm
2025-05-09,566.48,567.5,562.763,564.34,37603427,-0.0012742009698083478,0.006463109476620977,0.012767473690069352,0.5762499812103693,1,Calm
2025-05-12,581.47,583.0,577.04,582.99,78993570,0.033047453662685466,0.01573679676243704,0.014040777174642083,1.2282910514945922,1,Calm
2025-05-13,583.41,589.08,582.84,586.84,67947225,0.006603886859122943,0.013346880167839385,0.013997367932484543,1.0565999089532894,1,Calm
2025-05-14,587.81,588.98,585.535,587.59,66283531,0.0012780314906959411,0.013718712212338316,0.013917296621487663,1.023257772157539,1,Calm
2025-05-15,585.56,590.97,585.096,590.46,71268145,0.004884358140880618,0.013839305350229467,0.012410995004953773,1.1106816841409088,1,Calm
2025-05-16,591.25,594.5,589.28,594.2,76052101,0.006334044643159675,0.01282066566593118,0.012366291151461414,1.188772301553374,1,Calm
2025-05-19,588.1,595.54,588.1,594.85,68168509,0.0010939077751599413,0.002685936526791601,0.01026776724514667,1.0665436303895302,1,Calm
2025-05-20,593.09,594.05,589.6,592.85,60614492,-0.003362192149281351,0.0037811506407603316,0.009538568164630149,0.9598696787087514,1,Calm
2025-05-21,588.44,592.58,581.82,582.86,95197657,-0.016850805431390725,0.009326622095693387,0.010521693350872989,1.5020374179572926,0,Trending Down
2025-05-22,582.66,586.62,581.405,583.09,70860417,0.0003946059087946985,0.008746740140495243,0.009779287599497477,1.1121549522192298,1,Calm
2025-05-23,575.98,581.8101,575.6,579.11,76029046,-0.006825704436707936,0.007290990057284358,0.00998301620592188,1.1794765211963212,0,Trending Down
2025-05-27,586.07,591.31,578.43,591.15,72588475,0.020790523389338844,0.013850928982405544,0.010760298574650362,1.1047006730896638,1,Calm
2025-05-28,591.56,592.7688,586.985,587.73,68445512,-0.0057853336716569,0.013988484079187182,0.010938048393738194,1.0255200489460299,1,Calm
2025-05-29,593.06,593.2,586.07,590.05,70073758,0.003947390808704654,0.011143229954602785,0.010922602117967911,1.0683463604186987,1,Calm
2025-05-30,588.93,591.1299,583.235,589.39,90601242,-0.001118549275485048,0.011235018740316583,0.010921615256914973,1.3530324865075707,0,Trending Down
2025-06-02,587.76,592.79,585.06,592.71,61630502,0.005632942533806196,0.010051607645547484,0.01057362338062908,0.9197583317731484,1,Calm
2025-06-03,592.34,597.08,591.85,596.09,63606204,0.005702620168379191,0.005012765854352573,0.010424826483830757,0.931895857254987,1,Calm
2025-06-04,596.96,597.95,595.49,595.93,57314199,-0.00026841584324532874,0.0032609551299503125,0.01011887150756312,0.8341815886880071,1,Calm
2025-06-05,597.63,599.0,591.05,593.05,92436397,-0.004832782373768718,0.004574237377444363,0.010275502951537382,1.310369093109206,0,Trending Down
2025-06-06,598.66,600.83,596.86,599.14,66588743,0.010268948655256738,0.005887639350222925,0.010371732917976178,0.9429808735568128,1,Calm
2025-06-09,599.72,601.25,598.49,599.68,53016418,0.0009012918516539958,0.0057986406898892584,0.010336081366276924,0.7426744911435802,1,Calm
2025-06-10,600.22,603.47,599.09,603.08,66246973,0.0056696905016009325,0.0057939038414780465,0.007614683976610755,0.9363731281323281,1,Calm
2025-06-11,604.19,605.06,599.27,601.36,73658225,-0.002852026265172114,0.006187398686830673,0.0075891906049026,1.0369428258504498,1,Calm
2025-06-12,600.01,603.75,599.52,603.75,64129003,0.003974324863642353,0.004944946848003217,0.0076136215893969775,0.9041639305342652,1,Calm
2025-06-13,598.5,601.85,595.48,597.0,89505996,-0.011180124223602483,0.006697958490828602,0.008059349053925427,1.2459388481462432,0,Trending Down
2025-06-16,600.4,604.45,600.22,602.68,79984125,0.009514237855946295,0.00815988995196915,0.008208801453730114,1.1103540363878859,1,Calm
2025-06-17,600.21,601.75,596.76,597.53,82209365,-0.008545164929979365,0.008601511060984158,0.008465911463445037,1.1302301266055388,0,Trending Down
2025-06-18,598.44,601.22,596.47,597.44,76605029,-0.0001506200525495105,0.008605144519550741,0.008423969497379762,1.0417298941715563,1,Calm
2025-06-20,598.38,599.46,592.86,594.28,94051374,-0.005289234065345649,0.008178390102097048,0.0075252140682975375,1.279975364515514,0,Trending Down
2025-06-23,595.04,600.54,591.89,600.15,87426039,0.00987749882210398,0.008415130910040636,0.00777967673157182,1.1765466143019367,1,Calm
2025-06-24,604.33,607.8499,603.41,606.78,67735293,0.01104723819045228,0.008817497442729662,0.007802902229651539,0.9166716698710723,1,Calm
2025-06-25,607.91,608.61,605.54,607.12,62114767,0.0005603348824945176,0.007007662065424576,0.006489356772286783,0.8466082730884408,1,Calm
2025-06-26,608.99,612.31,608.37,611.87,78548361,0.00782382395572534,0.006959163341032646,0.006414453881658259,1.0632733300151518,1,Calm
2025-06-27,612.88,616.39,610.83,614.91,86258398,0.004968375635347355,0.004208061888660921,0.006434512941468456,1.1549886024000295,1,Calm
2025-06-30,617.38,619.22,615.04,617.85,92502541,0.004781187490852323,0.003898925854381519,0.0064151134506396,1.2370222413003407,1,Calm
2025-07-01,616.36,618.83,615.52,617.65,70030140,-0.00032370316419849665,0.003381424868046801,0.006394391852036954,0.9312719298691803,1,Calm
2025-07-02,617.24,620.49,616.61,620.45,66510374,0.004533311746134583,0.0029373734302336326,0.006364826238849803,0.8827609059446438,1,Calm
2025-07-03,622.45,626.28,622.43,625.34,51065789,0.007881376420340036,0.0029544202126383858,0.006470351217308861,0.6805943543394817,1,Calm
2025-07-07,623.36,624.03,617.87,620.68,74814505,-0.007451946141299293,0.005987798335298447,0.006649149662129601,1.0089606398755138,1,Calm
2025-07-08,621.35,622.11,619.52,620.34,59024585,-0.0005477862988978455,0.005814974097577404,0.006402211099524413,0.8000961477658183,1,Calm
2025-07-09,622.77,624.72,620.9105,624.06,66113326,0.0059967114808006095,0.006180181359931779,0.006467310690124871,0.888301063484864,1,Calm
2025-07-10,624.2,626.8701,623.01,625.82,57528960,0.0028202416434319755,0.006056584404506349,0.006413711329277854,0.7775149399550936,1,Calm
2025-07-11,622.74,624.86,621.53,623.62,63670226,-0.0035153878111917614,0.005259463207573046,0.006441083430043862,0.866362833061341,1,Calm
2025-07-14,623.16,625.1581,621.7999,624.81,51898518,0.0019082133350436514,0.0035824985179187586,0.006421568101940875,0.7121103114849774,1,Calm
2025-07-15,627.52,627.86,622.06,622.14,74317260,-0.004273299082921178,0.004371785782469079,0.005850786199983092,1.0304603103291146,1,Calm
2025-07-16,623.74,624.73,618.05,624.22,88987511,0.003343298935930994,0.0036529337511771033,0.005595279028403278,1.2262195553948434,1,Calm
2025-07-17,624.4,628.4048,624.18,628.04,68885683,0.006119637307359538,0.0044811024151167915,0.005112083110359762,0.9580171794120632,1,Calm
2025-07-18,629.3,629.47,626.46,627.58,65621645,-0.0007324374243677934,0.0039674532007435825,0.005129618730011341,0.9196468575922423,1,Calm
2025-07-21,628.77,631.54,628.34,628.77,63374984,0.0018961725995090273,0.003966974940106529,0.004798010864882827,0.9076721882951857,1,Calm
2025-07-22,629.1,629.73,626.19,628.86,60046288,0.00014313660002862605,0.0027194796741165893,0.004532463175382888,0.8771969629368033,1,Calm
2025-07-23,631.55,634.21,629.73,634.21,70511036,0.008507457939764151,0.003974951683699532,0.00430584411792215,1.0279888658413816,1,Calm
2025-07-24,634.6,636.15,633.99,634.42,71307134,0.0003311206067388994,0.003743423306318846,0.004310801704706333,1.0326754901450674,1,Calm
2025-07-25,635.09,637.5799,634.84,637.1,56865364,0.004224330884902816,0.0034760613478561067,0.004135693978518604,0.8366649084113761,1,Calm
2025-07-28,637.48,638.04,635.54,636.94,54917102,-0.000251137968921622,0.0037699165329710357,0.0041051182948841245,0.8270691667689558,1,Calm
2025-07-29,638.35,638.67,634.335,635.26,60556278,-0.002637611077966673,0.004377465232593887,0.004153557360910632,0.9344767843042892,1,Calm
2025-07-30,635.92,637.68,631.54,634.46,80418851,-0.001259326889777368,0.002575237270920496,0.004179166284346928,1.231118658150832,1,Calm
2025-07-31,639.455,639.85,630.765,632.08,103385246,-0.0037512215112063263,0.0030749603695353627,0.004257070814228237,1.5392608348594867,0,Trending Down
2025-08-01,626.3,626.34,619.29,621.72,140103572,-0.016390330337931913,0.006582616396833566,0.005462381541115608,1.9562782893789823,0,Trending Down
2025-08-04,625.67,631.215,625.58,631.17,73218015,0.01519976838448156,0.011254619578828099,0.006195351377545911,1.0234902525189167,1,Calm
2025-08-05,631.79,632.6052,627.04,627.97,68051401,-0.005069949458941236,0.011353749207010303,0.006330353702023036,0.945303818976587,1,Calm
2025-08-06,629.05,633.44,628.13,632.78,64357525,0.00765960157332346,0.012216944480464818,0.006414900691290174,0.895083638390025,1,Calm
2025-08-07,636.24,636.98,629.11,632.25,74205791,-0.000837573880337561,0.012090163783061833,0.006403812142424543,1.0202216275014282,1,Calm
2025-08-08,634.06,637.645,633.74,637.18,64051626,0.007797548438117863,0.007975017605560662,0.006526077241164675,0.8803858133434416,1,Calm
2025-08-11,637.46,638.95,634.66,635.92,58742300,-0.0019774631972127032,0.005880476260179749,0.006558395324492366,0.80362967444179,1,Calm
2025-08-12,638.29,642.85,636.79,642.69,64821798,0.010645993206692905,0.005677876857640877,0.0067833708611107196,0.8925984169348294,1,Calm
2025-08-13,644.91,646.19,642.68,644.89,60092790,0.0034231122314023477,0.00542852881827238,0.006784444060119236,0.8442758921147245,1,Calm
2025-08-14,642.79,645.62,642.34,644.95,59327466,9.303912295122174e-05,0.005242083215517672,0.006708988564184821,0.8391579079832497,1,Calm
2025-08-15,645.99,646.09,642.5153,643.44,68592507,-0.0023412667648654573,0.005363694005796795,0.006744829602553481,0.9681731697481878,1,Calm
2025-08-18,642.86,644.0,642.18,643.3,43804914,-0.00021758050478692947,0.005090802852152998,0.00675106365319073,0.6269591366482798,1,Calm
2025-08-19,643.12,644.105,638.48,639.81,69750731,-0.005425151562257091,0.0032670767600570506,0.006908390393386598,0.9914242156872104,1,Calm
2025-08-20,639.4,639.66,632.95,638.11,88890298,-0.0026570388083961838,0.0022236005586146073,0.006708318687410701,1.2471799108704862,1,Calm
2025-08-21,636.28,637.97,633.81,635.55,54805775,-0.004011847487110476,0.001947723529629626,0.00677813806325623,0.7779610533121484,1,Calm
2025-08-22,637.76,646.5,637.25,645.31,84083214,0.015356777594209836,0.00846478595960158,0.0075471925837547835,1.170930912982047,1,Calm
2025-08-25,644.04,645.29,642.35,642.47,51274332,-0.004400985572825311,0.008768226963532168,0.007630362142674983,0.7158547944987262,1,Calm
2025-08-26,642.2,645.51,641.57,645.16,51581565,0.004186965928370201,0.008389330293625883,0.007637144231832002,0.7246842458945473,1,Calm
2025-08-27,644.57,647.37,644.42,646.63,48341069,0.0022785045570090645,0.008032029581896727,0.007627873547587493,0.6948141802502092,1,Calm
2025-08-28,647.24,649.48,645.34,648.92,61519461,0.0035414379165827903,0.0071164664599276005,0.007563939791827469,0.9116586371613884,1,Calm
2025-08-29,647.47,647.84,643.14,645.05,74522192,-0.005963755162423756,0.004747986153951337,0.006571626507892316,1.1607503743843324,1,Calm
2025-09-02,637.5,640.49,634.92,640.27,81983545,-0.007410278273002002,0.005555968474107754,0.006083404264937271,1.2683094983811498,0,Trending Down
2025-09-03,642.67,644.21,640.46,643.74,70820898,0.005419588611054849,0.005845354692188464,0.0060084419894331454,1.0932780026825524,1,Calm
2025-09-04,644.42,649.15,643.51,649.12,65219228,0.008357411377264201,0.00705561801963167,0.006049458200629354,1.006134577877813,1,Calm
2025-09-05,651.48,652.21,643.33,647.24,85178935,-0.002896228740448592,0.0070150148790359065,0.006104876427974823,1.3030232895516622,0,Trending Down
2025-09-08,648.62,649.84,647.23,648.83,63133104,0.0024565848835054194,0.0063546713043289155,0.005914471120606674,0.966456557584467,1,Calm
2025-09-09,648.97,650.86,647.22,650.33,66133856,0.0023118536442519044,0.0041834892673725445,0.005881441173095989,1.006697306870602,1,Calm
2025-09-10,653.62,654.55,650.63,652.21,78034529,0.002890840035059128,0.003985649197377419,0.00546225841299941,1.1760243080771144,1,Calm
2025-09-11,654.18,658.33,653.59,657.63,69934360,0.008310206835221656,0.003968693213915918,0.005692608338034133,1.0461917449578786,1,Calm
2025-09-12,657.6,659.11,656.9,657.41,72780135,-0.0003345346167298313,0.003162971171927371,0.005696971020858118,1.077917097292119,1,Calm
2025-09-15,659.64,661.04,659.34,660.91,63772412,0.005323922666220504,0.0032691853178319543,0.005720089331631128,0.9478907846942962,1,Calm
2025-09-16,661.47,661.78,659.21,660.0,61168953,-0.0013768894403171084,0.0039962531925115015,0.005742702294199309,0.8976105330689256,1,Calm
2025-09-17,660.01,661.72,654.3,659.18,101952244,-0.001242424242424267,0.00441988022541997,0.0055581769313677466,1.4615446062645174,0,Trending Down
2025-09-18,661.89,664.89,660.27,662.26,90459242,0.004672471858976346,0.0033093809957200986,0.005510602746161337,1.2953290412099363,1,Calm
2025-09-19,662.33,664.55,660.37,663.7,97945620,0.0021743726029053168,0.003166126655328466,0.005333647349026492,1.3605080458397452,1,Calm
2025-09-22,662.2,667.29,662.17,666.84,69452201,0.004731053186680656,0.0030137580750151673,0.0043997758742449385,0.9746255535896802,1,Calm
2025-09-23,666.72,667.34,661.98,663.21,81708872,-0.005443584667986334,0.004339725529765601,0.0044806944576267806,1.122650327047593,1,Calm
2025-09-24,664.51,664.61,659.67,661.1,68082229,-0.003181496057055866,0.004662441940287878,0.004558983250278345,0.9249403769742939,1,Calm
2025-09-25,657.94,659.4056,654.405,658.05,89622067,-0.004613522916351642,0.004475713826565458,0.004732795810547067,1.1843615812211175,1,Calm
2025-09-26,659.51,662.37,657.88,661.82,69179209,0.005729047944685206,0.005354903460062399,0.0048218292592703774,0.909604159746012,1,Calm
2025-09-29,664.36,665.28,661.86,663.68,73499015,0.0028104318394728267,0.004933135143344246,0.004546601201273323,0.9670537133710981,1,Calm
2025-09-30,662.93,666.65,661.61,666.18,86288028,0.0037668756027000594,0.004534477613152832,0.00406347539613441,1.1321175734813465,1,Calm
2025-10-01,663.17,669.37,663.06,668.45,72545369,0.0034074874658502896,0.003973726628580874,0.0039985711569971985,0.9507353777878552,1,Calm
2025-10-02,670.45,670.565,666.78,669.22,56895993,0.0011519186176975893,0.0016550660575515657,0.003698812577780543,0.7497332133869854,1,Calm
2025-10-03,669.99,672.675,668.16,669.21,70494350,-1.4942769194004057e-05,0.001603685801245514,0.003571151889541875,0.9379975269848722,1,Calm
2025-10-06,671.62,672.51,669.455,671.61,54623260,0.0035863181960820167,0.0017086757790382653,0.0035930084579267048,0.730955243998612,1,Calm
2025-10-07,672.54,672.99,667.67,669.12,72020067,-0.00370750882208426,0.0029846416130061225,0.003788740636436233,0.9599743486348674,1,Calm
2025-10-08,670.25,673.2056,669.42,673.11,60702241,0.005963055954088858,0.003665775195490997,0.0039112985564990505,0.8185716715033197,1,Calm
2025-10-09,673.53,673.94,669.21,671.16,66501941,-0.0028970004902616475,0.004148532350188743,0.0036939527920103314,0.8988610592266405,1,Calm
2025-10-10,672.13,673.95,652.84,653.02,159422589,-0.027027832409559527,0.013086861802668178,0.007286470544985997,2.0356117585817812,0,Trending Down
2025-10-13,660.65,665.13,659.7679,663.04,79560517,0.01534409359590816,0.01575800693649368,0.00800341374419374,1.0057431231431913,1,Calm
2025-10-14,657.17,665.83,653.17,662.23,88779560,-0.0012216457528956282,0.015748218312706327,0.008001887606984259,1.103033496675496,1,Calm
2025-10-15,666.82,670.23,658.93,665.17,81702555,0.0044395451731271685,0.015570137270791538,0.00804873349848647,1.0280381237336995,1,Calm
2025-10-16,666.82,668.71,657.11,660.64,110563346,-0.006810289099027256,0.015707123622721364,0.008143186697607725,1.3738083946644495,0,Trending Down
2025-10-17,659.5,665.755,658.14,664.39,96500870,0.005676313877452266,0.008283969519016006,0.00823162350710002,1.2001518925902295,1,Calm
2025-10-20,667.32,672.21,667.27,671.3,60493350,0.010400517768178297,0.006648328138318444,0.00849351599030177,0.7565520413183754,1,Calm
2025-10-21,671.44,672.99,669.981,671.29,56249034,-1.4896469536673784e-05,0.0064998343512169725,0.008384058267929543,0.7148518694418637,1,Calm
2025-10-22,672.0,672.0,663.3,667.8,80564006,-0.005198945314245695,0.007254580006530425,0.00844436730233236,1.0158067308988863,1,Calm
2025-10-23,668.12,672.7101,667.8,671.76,65604461,0.005929919137466433,0.006045331790148217,0.008434909684795216,0.8399038661987492,1,Calm
2025-10-24,676.46,678.47,675.65,677.25,74356527,0.008172561629153252,0.006378487576566636,0.008523246329709732,0.9488080743336832,1,Calm
2025-10-27,682.73,685.54,682.115,685.24,63339790,0.011797711332595107,0.006756199628067585,0.008844170178325079,0.8135046305770816,1,Calm
2025-10-28,687.05,688.905,684.83,687.06,61738073,0.002656003735917345,0.006444219407598425,0.008833573024700853,0.8056340953879102,1,Calm
2025-10-29,688.72,689.7,682.87,687.39,85362207,0.0004803073967338811,0.004466599497944988,0.0088259751489709,1.1046729520238028,1,Calm
2025-10-30,683.9,685.94,679.83,679.83,76335751,-0.010998123336097287,0.008730658048495692,0.009254263536818,0.9755900561199671,1,Calm
2025-10-31,685.04,685.08,679.24,682.06,87164122,0.0032802318226614613,0.00818191866666183,0.009267793843978012,1.1022381016135894,1,Calm
2025-11-03,685.67,685.8,679.94,683.34,57315025,0.0018766677418409206,0.00593848171049159,0.009250478861733349,0.7235484706240889,1,Calm
2025-11-04,676.11,679.96,674.58,675.24,78426969,-0.01185354289226448,0.007360539590646159,0.009635669080516721,0.9860792157087416,1,Calm
2025-11-05,674.98,680.86,674.17,677.58,74402376,0.0034654345121734043,0.007862274739221263,0.00957714338912801,0.927488920041701,1,Calm
2025-11-06,676.47,677.38,668.72,670.31,85035298,-0.010729360370731245,0.0077932213115693245,0.009873524003526615,1.0479319407664927,0,Trending Down
2025-11-07,667.91,671.08,661.205,670.97,100592443,0.000984619056854319,0.007403944144680348,0.00755475891320981,1.2862774168698674,1,Calm
2025-11-10,677.235,682.18,675.03,681.44,75842888,0.015604274408691943,0.01130065269504541,0.007580244211059734,0.9721149928434445,1,Calm
2025-11-11,679.95,683.57,678.73,683.0,58953385,0.002289269781638792,0.009352191172945832,0.007557030200219089,0.770359345453409,1,Calm
2025-11-12,684.79,684.96,680.945,683.38,62312484,0.0005563689604686228,0.009353827126972173,0.007529322796262991,0.8247015164562439,1,Calm
2025-11-13,680.5,680.86,670.52,672.04,103457788,-0.016593988703210605,0.01144290042629411,0.00836120908186618,1.3757256059724317,0,Trending Down
2025-11-14,665.38,675.66,663.265,671.93,96846672,-0.0001636807332896506,0.011443974365163388,0.008286869129928808,1.2875185486232723,0,Trending Down
2025-11-17,669.7,673.71,662.17,665.67,90456105,-0.009316446653669264,0.008059486666140779,0.008231850818023368,1.1790763048011528,0,Trending Down
2025-11-18,662.095,665.12,655.86,660.08,114467488,-0.008397554343743785,0.007123242963790591,0.008422998613816344,1.4375155968433584,0,Trending Down
2025-11-19,660.78,667.34,658.745,662.63,94702955,0.0038631681008360896,0.008066138085106813,0.008418097540527246,1.178841104488688,1,Calm
2025-11-20,672.91,675.56,651.89,652.53,165293521,-0.015242292078535558,0.007638738248560899,0.008903426956068182,1.9373340383247484,0,Trending Down
2025-11-21,655.05,664.55,650.85,659.03,123956203,0.00996122783626796,0.010375292708753708,0.00901309228345212,1.411800615940575,1,Calm
